Time,Region,Revenue
2025-06-13 19:39:45,East,112.83
2025-06-13 19:49:29,South,912.54
2025-06-13 19:49:39,North,649.2
2025-06-13 19:49:49,West,205.18
2025-06-13 19:49:59,South,530.05
2025-06-13 19:50:09,East,867.45
2025-06-13 19:50:19,South,888.01
2025-06-13 19:50:29,North,285.96
2025-06-13 19:50:39,South,101.91
2025-06-13 19:50:49,North,209.29
2025-06-13 19:50:59,East,310.59
2025-06-13 19:51:09,South,245.76
2025-06-13 19:51:19,East,282.13
2025-06-13 19:51:29,North,838.84
2025-06-13 19:51:39,South,255.85
2025-06-13 19:51:49,North,401.24
2025-06-13 19:51:59,North,588.75
2025-06-13 19:52:09,East,369.08
2025-06-13 19:52:19,South,699.44
2025-06-13 19:52:29,West,847.27
2025-06-13 19:52:39,North,775.93
2025-06-13 19:52:49,East,696.82
2025-06-13 19:52:59,West,388.59
2025-06-13 19:53:09,East,657.73
2025-06-13 19:53:19,East,559.81
2025-06-13 19:53:29,North,216.66
2025-06-13 19:53:39,West,193.87
2025-06-13 19:53:49,South,992.97
2025-06-13 19:53:59,South,890.81
2025-06-13 19:54:09,West,557.07
2025-06-13 19:54:20,South,234.06
2025-06-13 19:54:30,East,824.52
2025-06-13 19:54:40,West,141.04
2025-06-13 19:54:50,North,233.64
2025-06-13 19:55:00,South,332.76
2025-06-13 19:55:10,South,458.42
2025-06-13 19:55:20,West,100.44
2025-06-13 19:55:30,South,799.24
2025-06-13 19:55:40,West,134.34
2025-06-13 19:55:50,West,670.98
2025-06-13 19:56:00,North,894.2
2025-06-13 19:56:10,West,990.58
2025-06-13 19:56:20,North,570.11
2025-06-13 19:56:30,East,829.14
2025-06-13 19:56:40,North,700.51
2025-06-13 19:56:50,North,466.85
2025-06-13 19:57:00,West,572.99
2025-06-13 19:57:10,West,302.23
2025-06-13 19:57:20,West,240.43
2025-06-13 19:57:30,North,979.34
2025-06-13 19:57:40,North,761.92
2025-06-13 19:57:50,East,505.83
2025-06-13 19:58:00,South,499.58
2025-06-13 19:58:10,North,769.44
2025-06-13 19:58:20,North,543.37
2025-06-13 19:58:30,East,970.71
2025-06-13 19:58:40,North,554.17
2025-06-13 19:58:50,West,504.69
2025-06-13 19:59:00,West,997.69
2025-06-13 19:59:10,West,852.31
2025-06-13 19:59:20,South,543.49
2025-06-13 19:59:30,North,663.66
2025-06-13 19:59:40,West,934.93
2025-06-13 19:59:50,North,994.6
2025-06-13 20:00:00,North,226.7
2025-06-13 20:00:10,East,436.38
2025-06-13 20:00:20,West,106.72
2025-06-13 20:00:30,South,504.2
2025-06-13 20:00:40,West,411.59
2025-06-13 20:00:50,East,578.66
2025-06-13 20:01:00,North,400.09
2025-06-13 20:01:10,North,726.96
2025-06-13 20:01:20,West,725.47
2025-06-13 20:01:30,East,871.25
2025-06-13 20:01:40,South,947.76
2025-06-13 20:01:50,South,702.03
2025-06-13 20:02:00,West,769.05
2025-06-13 20:02:10,West,999.87
2025-06-13 20:02:20,East,281.1
2025-06-13 20:02:30,South,410.33
2025-06-13 20:02:40,East,198.93
2025-06-13 20:02:50,North,987.37
2025-06-13 20:03:00,North,351.44
2025-06-13 20:03:10,South,888.77
2025-06-13 20:03:20,West,793.86
2025-06-13 20:03:30,North,383.02
2025-06-13 20:03:40,East,290.71
2025-06-13 20:03:50,North,804.29
2025-06-13 20:04:00,South,261.15
2025-06-13 20:04:10,South,840.47
2025-06-13 20:04:20,South,225.52
2025-06-13 20:04:30,North,898.64
2025-06-13 20:04:40,East,377.49
2025-06-13 20:04:50,West,838.3
2025-06-13 20:05:00,North,470.74
2025-06-13 20:05:10,East,352.68
2025-06-13 20:05:20,East,702.71
2025-06-13 20:05:30,West,116.59
2025-06-13 20:05:40,East,709.97
2025-06-13 20:05:50,East,859.71
2025-06-13 20:06:00,South,432.95
2025-06-13 20:06:10,West,817.29
2025-06-13 20:06:20,South,276.49
2025-06-13 20:06:30,West,553.71
2025-06-13 20:06:40,North,211.68
2025-06-13 20:06:50,South,605.16
2025-06-13 20:07:00,South,933.27
2025-06-13 20:07:10,South,209.96
2025-06-13 20:07:20,South,516.37
2025-06-13 20:07:30,North,714.93
2025-06-13 20:07:40,West,214.78
2025-06-13 20:07:50,East,707.43
2025-06-13 20:08:00,South,836.54
2025-06-13 20:08:10,South,171.14
2025-06-13 20:08:20,East,951.4
2025-06-13 20:08:30,West,734.58
2025-06-13 20:08:40,North,539.19
2025-06-13 20:08:50,East,769.68
2025-06-13 20:09:00,East,806.13
2025-06-13 20:09:10,South,881.82
2025-06-13 20:09:20,West,278.58
2025-06-13 20:09:30,East,911.45
2025-06-13 20:09:40,North,462.58
2025-06-13 20:09:50,East,467.74
2025-06-13 20:10:00,South,289.27
2025-06-13 20:10:10,East,835.04
2025-06-13 20:10:20,West,702.47
2025-06-13 20:10:30,North,145.06
2025-06-13 20:10:40,South,679.65
2025-06-13 20:10:50,North,589.19
2025-06-13 20:11:00,North,547.26
2025-06-13 20:11:10,East,382.02
2025-06-13 20:11:20,West,248.67
2025-06-13 20:11:30,East,470.58
2025-06-13 20:11:40,South,350.33
2025-06-13 20:11:50,South,408.4
2025-06-13 20:12:00,East,505.31
2025-06-13 20:12:10,South,225.57
2025-06-13 20:12:20,East,104.49
2025-06-13 20:12:30,East,300.55
2025-06-13 20:12:40,South,236.8
2025-06-13 20:12:50,South,621.83
2025-06-13 20:13:00,West,214.21
2025-06-13 20:13:10,West,379.19
2025-06-13 20:13:20,East,607.83
2025-06-13 20:13:30,West,447.78
2025-06-13 20:13:40,East,970.36
2025-06-13 20:13:50,East,369.27
2025-06-13 20:14:00,East,801.4
2025-06-13 20:14:10,East,711.42
2025-06-13 20:14:20,East,920.06
2025-06-13 20:14:30,West,642.2
2025-06-13 20:14:40,South,211.94
2025-06-13 20:14:50,South,318.81
2025-06-13 20:15:00,North,427.58
2025-06-13 20:15:10,North,804.15
2025-06-13 20:15:20,North,836.08
2025-06-13 20:15:30,South,276.45
2025-06-13 20:15:40,West,547.62
2025-06-13 20:15:50,South,477.08
2025-06-13 20:16:00,West,541.27
2025-06-13 20:16:10,South,827.07
2025-06-13 20:16:20,West,727.35
2025-06-13 20:16:30,West,942.98
2025-06-13 20:16:40,West,603.68
2025-06-13 20:16:50,West,297.38
2025-06-13 20:17:00,East,491.74
2025-06-13 20:17:10,West,497.23
2025-06-13 20:17:20,West,811.57
2025-06-13 20:17:30,North,337.47
2025-06-13 20:17:40,South,583.65
2025-06-13 20:17:50,West,905.86
2025-06-13 20:18:00,West,350.63
2025-06-13 20:18:10,North,960.32
2025-06-13 20:18:20,West,768.14
2025-06-13 20:18:30,South,394.09
2025-06-13 20:18:40,East,725.43
2025-06-13 20:18:50,West,483.0
2025-06-13 20:19:00,North,817.18
2025-06-13 20:19:10,North,731.72
2025-06-13 20:19:20,South,404.36
2025-06-13 20:19:30,East,469.91
2025-06-13 20:19:40,East,102.84
2025-06-13 20:19:50,North,364.3
2025-06-13 20:20:00,North,411.32
2025-06-13 20:20:10,South,322.39
2025-06-13 20:20:20,West,954.47
2025-06-13 20:20:30,West,111.07
2025-06-13 20:20:40,East,658.09
2025-06-13 20:20:50,West,308.39
2025-06-13 20:21:00,South,629.67
2025-06-13 20:21:10,North,224.68
2025-06-13 20:21:20,South,529.32
2025-06-13 20:21:30,West,448.41
2025-06-13 20:21:40,West,380.69
2025-06-13 20:21:50,North,753.29
2025-06-13 20:22:00,West,480.14
2025-06-13 20:22:10,East,797.34
2025-06-13 20:22:20,North,184.2
2025-06-13 20:22:30,West,969.61
2025-06-13 20:22:40,South,632.93
2025-06-13 20:22:50,North,782.83
2025-06-13 20:23:00,South,607.58
2025-06-13 20:23:10,West,806.23
2025-06-13 20:23:20,West,320.08
2025-06-13 20:23:30,West,536.41
2025-06-13 20:23:40,West,868.57
2025-06-13 20:23:50,North,813.02
2025-06-13 20:24:00,West,262.63
2025-06-13 20:24:10,South,655.66
2025-06-13 20:24:20,East,959.66
2025-06-13 20:24:30,West,839.59
2025-06-13 20:24:40,West,879.86
2025-06-13 20:24:50,West,516.4
2025-06-13 20:25:00,North,170.73
2025-06-13 20:25:10,North,859.42
2025-06-13 20:25:20,South,593.91
2025-06-13 20:25:30,East,176.38
2025-06-13 20:25:40,East,651.06
2025-06-13 20:25:50,East,623.2
2025-06-13 20:26:00,North,937.5
2025-06-13 20:26:10,West,349.7
2025-06-13 20:26:20,South,567.26
2025-06-13 20:26:30,West,605.94
2025-06-13 20:26:40,East,212.26
2025-06-13 20:26:50,West,919.91
2025-06-13 20:27:00,East,988.01
2025-06-13 20:27:10,East,620.45
2025-06-13 20:27:20,West,775.92
2025-06-13 20:27:30,East,802.08
2025-06-13 20:27:40,North,174.23
2025-06-13 20:27:50,West,526.92
2025-06-13 20:28:00,West,602.85
2025-06-13 20:28:10,East,866.09
2025-06-13 20:28:20,South,857.03
2025-06-13 20:28:30,West,395.49
2025-06-13 20:28:40,South,685.24
2025-06-13 20:28:50,East,573.55
2025-06-13 20:29:00,West,621.92
2025-06-13 20:29:10,West,920.05
2025-06-13 20:29:20,South,343.67
2025-06-13 20:29:30,East,108.78
2025-06-13 20:29:40,North,102.42
2025-06-13 20:29:50,West,431.92
2025-06-13 20:30:00,South,333.6
2025-06-13 20:30:11,North,885.43
2025-06-13 20:30:21,East,190.29
2025-06-13 20:30:31,East,740.47
2025-06-13 20:30:41,South,227.56
2025-06-13 20:30:51,East,525.75
2025-06-13 20:31:01,West,943.67
2025-06-13 20:31:11,South,258.4
2025-06-13 20:31:21,South,980.11
2025-06-13 20:31:31,West,716.04
2025-06-13 20:31:41,West,898.66
2025-06-13 20:31:51,North,186.48
2025-06-13 20:32:01,West,410.88
2025-06-13 20:32:11,East,701.69
2025-06-13 20:32:21,East,193.22
2025-06-13 20:32:31,South,416.44
2025-06-13 20:32:41,East,294.43
2025-06-13 20:32:51,North,872.57
2025-06-13 20:33:01,South,248.54
2025-06-13 20:33:11,West,630.39
2025-06-13 20:33:21,North,861.63
2025-06-13 20:33:31,North,386.85
2025-06-13 20:33:41,West,625.26
2025-06-13 20:33:51,West,602.49
2025-06-13 20:34:01,West,248.28
2025-06-13 20:34:11,East,309.67
2025-06-13 20:34:21,East,928.61
2025-06-13 20:34:31,North,242.49
2025-06-13 20:34:41,South,821.6
2025-06-13 20:34:51,North,109.3
2025-06-13 20:35:01,South,260.86
2025-06-13 20:35:11,South,986.68
2025-06-13 20:35:21,East,934.15
2025-06-13 20:35:31,North,248.16
2025-06-13 20:35:41,North,224.44
2025-06-13 20:35:51,West,310.93
2025-06-13 20:36:01,East,578.3
2025-06-13 20:36:11,South,661.01
2025-06-13 20:36:21,South,163.2
2025-06-13 20:36:31,North,500.24
2025-06-13 20:36:41,West,175.69
2025-06-13 20:36:51,South,864.1
2025-06-13 20:37:01,West,903.18
2025-06-13 20:37:11,South,991.08
2025-06-13 20:37:21,East,587.53
2025-06-13 20:37:31,East,919.2
2025-06-13 20:37:41,West,572.43
2025-06-13 20:37:51,West,806.68
2025-06-13 20:38:01,North,640.97
2025-06-13 20:38:11,East,275.51
2025-06-13 20:38:21,West,683.15
2025-06-13 20:38:31,East,588.87
2025-06-13 20:38:41,North,373.07
2025-06-13 20:38:51,West,297.97
2025-06-13 20:39:01,South,788.58
2025-06-13 20:39:11,South,373.11
2025-06-13 20:39:21,South,157.99
2025-06-13 20:39:31,North,484.86
2025-06-13 20:39:41,West,658.68
2025-06-13 20:39:51,West,706.56
2025-06-13 20:40:01,North,754.39
2025-06-13 20:40:11,North,510.56
2025-06-13 20:40:21,East,224.86
2025-06-13 20:40:31,North,544.4
2025-06-13 20:40:41,West,332.24
2025-06-13 20:40:51,West,754.18
2025-06-13 20:41:01,West,735.58
2025-06-13 20:41:11,North,822.71
2025-06-13 20:41:21,East,751.48
2025-06-13 20:41:31,North,103.51
2025-06-13 20:41:41,North,659.12
2025-06-13 20:41:51,North,824.09
2025-06-13 20:42:01,West,407.94
2025-06-13 20:42:11,West,155.96
2025-06-13 20:42:21,East,757.92
2025-06-13 20:42:31,East,208.29
2025-06-13 20:42:41,East,571.92
2025-06-13 20:42:51,West,515.02
2025-06-13 23:36:57,East,432.48
2025-06-13 23:37:13,West,839.58
2025-06-13 23:55:15,North,364.45
2025-06-13 23:55:25,West,677.86
2025-06-13 23:55:35,West,953.74
2025-06-13 23:55:45,West,205.03
2025-06-13 23:55:55,East,422.68
2025-06-13 23:56:05,North,932.75
2025-06-13 23:56:15,West,543.67
2025-06-13 23:56:25,West,905.98
2025-06-13 23:56:35,West,810.51
2025-06-13 23:56:45,North,339.44
2025-06-13 23:56:55,North,103.6
2025-06-13 23:57:05,West,161.65
2025-06-13 23:57:15,West,346.24
2025-06-13 23:57:25,West,866.46
2025-06-13 23:57:35,South,311.74
2025-06-13 23:57:46,North,640.86
2025-06-13 23:57:56,East,367.6
2025-06-13 23:58:06,East,992.36
2025-06-13 23:58:16,West,742.37
2025-06-13 23:58:26,South,175.66
2025-06-13 23:58:36,West,416.17
2025-06-13 23:58:46,East,210.04
2025-06-13 23:58:56,South,859.47
2025-06-13 23:59:06,West,986.38
2025-06-13 23:59:16,North,526.17
2025-06-13 23:59:26,South,746.8
2025-06-13 23:59:36,West,431.92
2025-06-13 23:59:46,South,645.09
2025-06-13 23:59:56,North,574.44
2025-06-14 00:00:06,West,272.57
2025-06-14 00:00:16,North,955.56
2025-06-14 00:00:26,West,456.39
2025-06-14 00:00:36,North,528.93
2025-06-14 00:00:46,West,725.27
2025-06-14 00:00:56,North,196.37
2025-06-14 00:01:06,West,764.14
2025-06-14 00:01:16,South,467.3
2025-06-14 00:01:26,West,620.87
2025-06-14 00:01:36,South,971.23
2025-06-14 00:01:46,East,715.73
2025-06-14 00:01:56,East,868.61
2025-06-14 00:02:06,South,835.0
2025-06-14 00:02:16,East,175.05
2025-06-14 00:02:26,South,331.34
2025-06-14 00:02:36,South,348.31
2025-06-14 00:02:46,East,599.02
2025-06-14 00:02:56,South,765.26
2025-06-14 00:03:06,North,799.42
2025-06-14 00:03:16,East,676.37
2025-06-14 00:03:26,East,825.21
2025-06-14 00:03:36,South,264.57
2025-06-14 00:03:46,South,914.47
2025-06-14 00:03:56,South,511.67
2025-06-14 00:04:06,West,209.16
2025-06-14 00:04:16,South,491.17
2025-06-14 00:04:26,South,479.56
2025-06-14 00:04:36,West,365.88
2025-06-14 00:04:46,West,603.18
2025-06-14 00:04:56,East,812.93
2025-06-14 00:05:06,West,854.85
2025-06-14 00:05:16,North,222.26
2025-06-14 00:05:26,West,802.53
2025-06-14 00:05:36,West,857.16
2025-06-14 00:05:46,South,617.61
2025-06-14 00:05:56,South,225.04
2025-06-14 00:06:06,North,892.3
2025-06-14 00:06:16,South,678.73
2025-06-14 00:06:26,East,836.16
2025-06-14 00:06:36,West,869.13
2025-06-14 00:06:46,North,198.03
2025-06-14 00:06:56,East,597.06
2025-06-14 00:07:06,North,417.14
2025-06-14 00:07:16,South,358.28
2025-06-14 00:07:26,East,909.09
2025-06-14 00:07:36,West,140.75
2025-06-14 00:07:46,North,304.3
2025-06-14 00:07:56,West,177.28
2025-06-14 00:08:06,South,793.27
2025-06-14 00:08:16,South,419.16
2025-06-14 00:08:26,North,967.95
2025-06-14 00:08:36,North,636.43
2025-06-14 00:08:46,West,378.39
2025-06-14 00:08:56,South,523.49
2025-06-14 00:09:06,South,352.08
2025-06-14 00:09:16,North,492.59
2025-06-14 00:09:26,South,284.52
2025-06-14 00:09:36,West,834.75
2025-06-14 00:09:46,South,783.07
2025-06-14 00:09:56,West,422.6
2025-06-14 00:10:06,East,706.54
2025-06-14 00:10:16,North,274.81
2025-06-14 00:10:26,West,500.74
2025-06-14 00:10:36,West,151.94
2025-06-14 00:10:46,North,340.55
2025-06-14 00:10:56,East,967.92
2025-06-14 00:11:06,East,110.31
2025-06-14 00:11:16,East,910.36
2025-06-14 00:11:26,North,369.73
2025-06-14 00:11:36,North,574.03
2025-06-14 00:11:46,East,219.9
2025-06-14 00:11:56,South,387.09
2025-06-14 00:12:06,South,458.7
2025-06-14 00:12:16,South,777.27
2025-06-14 00:12:26,East,742.43
2025-06-14 00:12:36,South,506.01
2025-06-14 00:12:46,East,300.5
2025-06-14 00:12:56,West,331.84
2025-06-14 00:13:06,East,513.91
2025-06-14 00:13:16,East,987.39
2025-06-14 00:13:26,East,211.37
2025-06-14 00:13:36,South,884.12
2025-06-14 00:13:46,South,464.7
2025-06-14 00:13:56,East,470.79
2025-06-14 00:14:06,South,114.02
2025-06-14 00:14:16,North,600.09
2025-06-14 00:14:26,East,944.54
2025-06-14 00:14:36,North,680.49
2025-06-14 00:14:46,East,198.64
2025-06-14 00:14:56,East,618.51
2025-06-14 00:15:06,South,235.24
2025-06-14 00:15:16,East,615.8
2025-06-14 00:15:26,South,977.32
2025-06-14 00:15:36,North,465.29
2025-06-14 00:15:46,East,629.34
2025-06-14 00:15:56,East,886.45
2025-06-14 00:16:06,South,631.04
2025-06-14 00:16:16,North,539.96
2025-06-14 00:16:26,East,805.47
2025-06-14 00:16:36,East,178.68
2025-06-14 00:16:46,East,936.52
2025-06-14 00:16:56,North,781.85
2025-06-14 00:17:06,East,393.71
2025-06-14 00:17:16,South,659.71
2025-06-14 00:17:26,West,363.44
2025-06-14 00:17:36,North,188.85
2025-06-14 00:17:46,South,520.36
2025-06-14 00:17:56,West,332.46
2025-06-14 00:18:06,East,291.91
2025-06-14 00:18:16,East,797.12
2025-06-14 00:18:26,East,222.37
2025-06-14 00:18:36,East,223.46
2025-06-14 00:18:46,South,614.56
2025-06-14 00:18:56,East,621.48
2025-06-14 00:19:06,North,256.8
2025-06-14 00:19:16,West,358.02
2025-06-14 00:19:26,North,326.3
2025-06-14 00:19:36,West,638.16
2025-06-14 00:19:46,West,589.18
2025-06-14 00:19:56,East,751.08
2025-06-14 00:20:06,North,888.2
2025-06-14 00:20:16,South,802.02
2025-06-14 00:20:26,South,336.46
2025-06-14 00:20:36,South,612.48
2025-06-14 00:20:46,West,283.87
2025-06-14 00:20:56,South,383.16
2025-06-14 00:21:06,North,642.7
2025-06-14 00:21:16,West,201.87
2025-06-14 00:21:26,East,351.45
2025-06-14 00:21:36,North,221.8
2025-06-14 00:21:46,East,276.79
2025-06-14 00:21:56,West,143.35
2025-06-14 00:22:06,West,133.34
2025-06-14 00:22:16,North,857.73
2025-06-14 00:22:26,West,444.65
2025-06-14 00:22:36,South,867.93
2025-06-14 00:22:46,North,649.6
2025-06-14 00:22:56,South,620.85
2025-06-14 00:23:06,North,994.04
2025-06-14 00:23:16,West,678.27
2025-06-14 00:23:26,South,896.65
2025-06-14 00:23:36,North,210.49
2025-06-14 00:23:46,South,808.1
2025-06-14 00:23:56,North,769.01
2025-06-14 00:24:06,East,389.1
2025-06-14 00:24:16,West,142.13
2025-06-14 00:24:26,North,299.45
2025-06-14 00:24:36,East,164.76
2025-06-14 00:24:46,East,635.69
2025-06-14 00:24:56,West,852.97
2025-06-14 00:25:06,North,865.05
2025-06-14 00:25:16,North,822.7
2025-06-14 00:25:26,West,199.46
2025-06-14 00:25:36,South,924.29
2025-06-14 00:25:46,West,105.34
2025-06-14 00:25:56,West,156.13
2025-06-14 00:26:06,South,249.94
2025-06-14 00:26:16,North,522.52
2025-06-14 00:26:26,West,660.63
2025-06-14 00:26:36,West,271.75
2025-06-14 00:26:46,South,283.11
2025-06-14 00:26:56,East,476.86
2025-06-14 00:27:06,North,957.95
2025-06-14 00:27:16,West,379.36
2025-06-14 00:27:26,West,748.62
2025-06-14 00:27:36,North,241.65
2025-06-14 00:27:46,South,698.96
2025-06-14 00:27:56,North,266.32
2025-06-14 00:28:06,South,418.53
2025-06-14 00:28:16,West,752.96
2025-06-14 00:28:26,East,774.84
2025-06-14 00:28:36,West,247.78
2025-06-14 00:28:46,West,145.72
2025-06-14 00:28:56,East,394.46
2025-06-14 00:29:06,East,881.93
2025-06-14 00:29:16,North,954.81
2025-06-14 00:29:26,South,701.97
2025-06-14 00:29:36,North,250.79
2025-06-14 00:29:46,East,436.78
2025-06-14 00:29:56,West,503.02
2025-06-14 00:30:06,North,125.13
2025-06-14 00:30:16,East,361.24
2025-06-14 00:30:26,South,779.43
2025-06-14 00:30:36,North,913.87
2025-06-14 00:30:46,West,709.53
2025-06-14 00:30:56,East,562.65
2025-06-14 00:31:06,West,530.24
2025-06-14 00:31:16,East,937.52
2025-06-14 00:31:26,West,457.02
2025-06-14 00:31:36,East,825.78
2025-06-14 00:31:46,North,286.87
2025-06-14 00:31:56,West,584.03
2025-06-14 00:32:06,East,742.65
2025-06-14 00:32:16,South,212.86
2025-06-14 00:32:26,South,808.21
2025-06-14 00:32:36,South,127.41
2025-06-14 00:32:46,East,790.68
2025-06-14 00:32:56,West,425.81
2025-06-14 00:33:06,East,110.52
2025-06-14 00:33:16,North,870.52
2025-06-14 00:33:26,South,352.54
2025-06-14 00:33:36,East,441.44
2025-06-14 00:33:46,West,540.42
2025-06-14 00:33:56,North,965.32
2025-06-14 00:34:06,East,814.64
2025-06-14 00:34:16,West,162.28
2025-06-14 00:34:26,East,181.69
2025-06-14 00:34:36,South,802.5
2025-06-14 00:34:46,West,621.09
2025-06-14 00:34:56,South,412.35
2025-06-14 00:35:06,West,395.99
2025-06-14 00:35:16,East,464.21
2025-06-14 00:35:26,East,808.71
2025-06-14 00:35:36,South,781.12
2025-06-14 00:35:46,North,815.51
2025-06-14 00:35:57,North,291.96
2025-06-14 00:36:07,South,455.29
2025-06-14 00:36:17,South,259.62
2025-06-14 00:36:27,East,929.0
2025-06-14 00:36:37,East,740.92
2025-06-14 00:36:47,West,328.16
2025-06-14 00:36:57,East,474.36
2025-06-14 00:37:07,North,661.14
2025-06-14 00:37:17,West,233.6
2025-06-14 00:37:27,North,754.11
2025-06-14 00:37:37,North,866.51
2025-06-14 00:37:47,North,767.83
2025-06-14 00:37:57,South,898.16
2025-06-14 00:38:07,South,794.22
2025-06-14 00:38:17,North,598.68
2025-06-14 00:38:27,South,177.48
2025-06-14 00:38:37,North,834.82
2025-06-14 00:38:47,South,787.78
2025-06-14 00:38:57,West,469.02
2025-06-14 00:39:07,North,789.34
2025-06-14 00:39:17,North,867.57
2025-06-14 00:39:27,East,293.92
2025-06-14 00:39:37,South,715.12
2025-06-14 00:39:47,East,238.67
2025-06-14 00:39:57,North,855.65
2025-06-14 00:40:07,South,811.79
2025-06-14 00:40:17,West,314.55
2025-06-14 00:40:27,North,458.18
2025-06-14 00:40:37,West,531.14
2025-06-14 00:40:47,North,563.46
2025-06-14 00:40:57,West,860.78
2025-06-14 00:41:07,East,964.72
2025-06-14 00:41:17,East,628.97
2025-06-14 00:41:27,North,803.67
2025-06-14 00:41:37,North,884.83
2025-06-14 00:41:47,North,805.1
2025-06-14 00:41:57,East,307.02
2025-06-14 00:42:07,East,606.2
2025-06-14 00:42:17,North,586.31
2025-06-14 00:42:27,North,914.57
2025-06-14 00:42:37,North,180.27
2025-06-14 00:42:47,West,329.72
2025-06-14 00:42:57,North,859.03
2025-06-14 00:43:07,North,178.96
2025-06-14 00:43:17,South,960.79
2025-06-14 00:43:27,East,794.31
2025-06-14 00:43:37,West,490.13
2025-06-14 00:43:47,East,476.97
2025-06-14 00:43:57,North,799.43
2025-06-14 00:44:07,West,775.1
2025-06-14 00:44:17,South,637.36
2025-06-14 00:44:27,East,570.46
2025-06-14 00:44:37,South,127.78
2025-06-14 00:44:47,South,660.93
2025-06-14 00:44:57,North,716.48
2025-06-14 00:45:07,West,818.34
2025-06-14 00:45:17,North,100.74
2025-06-14 00:45:27,West,683.2
2025-06-14 00:45:37,North,986.73
2025-06-14 00:45:47,East,938.27
2025-06-14 00:45:57,East,459.43
2025-06-14 00:46:07,East,849.56
2025-06-14 00:46:17,North,284.83
2025-06-14 00:46:27,West,754.52
2025-06-14 00:46:37,East,966.74
2025-06-14 00:46:47,North,139.76
2025-06-14 00:46:57,North,560.86
2025-06-14 00:47:07,East,230.57
2025-06-14 00:47:17,East,806.6
2025-06-14 00:47:27,East,575.89
2025-06-14 00:47:37,South,669.28
2025-06-14 00:47:47,North,670.4
2025-06-14 00:47:57,North,271.99
2025-06-14 00:48:07,North,764.85
2025-06-14 00:48:17,West,619.62
2025-06-14 00:48:27,South,806.35
2025-06-14 00:48:37,South,541.5
2025-06-14 00:48:47,East,626.57
2025-06-14 00:48:57,West,528.6
2025-06-14 00:49:07,South,121.6
2025-06-14 00:49:17,East,466.8
2025-06-14 00:49:27,North,897.02
2025-06-14 00:49:37,North,852.57
2025-06-14 00:49:47,South,210.97
2025-06-14 00:49:57,North,263.85
2025-06-14 00:50:07,East,319.09
2025-06-14 00:50:17,South,159.89
2025-06-14 00:50:27,West,274.27
2025-06-14 00:50:37,West,115.79
2025-06-14 00:50:47,East,944.16
2025-06-14 00:50:57,North,291.97
2025-06-14 00:51:07,East,281.99
2025-06-14 00:51:17,North,564.14
2025-06-14 00:51:27,West,171.25
2025-06-14 00:51:37,East,706.98
2025-06-14 00:51:47,West,361.11
2025-06-14 00:51:57,West,793.08
2025-06-14 00:52:07,West,147.69
2025-06-14 00:52:17,South,845.25
2025-06-14 00:52:27,North,965.88
2025-06-14 00:52:37,East,945.85
2025-06-14 00:52:47,North,599.9
2025-06-14 00:52:57,South,531.16
2025-06-14 00:53:07,North,951.99
2025-06-14 00:53:17,East,468.92
2025-06-14 00:53:27,East,479.97
2025-06-14 00:53:37,West,236.96
2025-06-14 00:53:47,East,298.03
2025-06-14 00:53:57,North,771.78
2025-06-14 00:54:07,East,586.89
2025-06-14 00:54:17,East,370.96
2025-06-14 00:54:27,North,479.7
2025-06-14 00:54:37,North,813.01
2025-06-14 00:54:47,East,365.59
2025-06-14 00:54:57,West,318.77
2025-06-14 00:55:07,West,877.89
2025-06-14 00:55:17,North,980.27
2025-06-14 00:55:27,South,934.79
2025-06-14 00:55:37,West,531.88
2025-06-14 00:55:47,West,531.31
2025-06-14 00:55:57,North,258.75
2025-06-14 00:56:07,North,935.14
2025-06-14 00:56:17,East,897.4
2025-06-14 00:56:27,North,731.08
2025-06-14 00:56:37,North,181.28
2025-06-14 00:56:47,South,885.86
2025-06-14 00:56:57,North,811.2
2025-06-14 00:57:07,West,258.18
2025-06-14 00:57:17,West,431.61
2025-06-14 00:57:27,East,574.85
2025-06-14 00:57:37,East,398.17
2025-06-14 00:57:47,South,293.88
2025-06-14 00:57:57,North,905.6
2025-06-14 00:58:07,West,507.42
2025-06-14 00:58:17,North,249.19
2025-06-14 00:58:27,North,640.87
2025-06-14 00:58:37,West,421.49
2025-06-14 00:58:47,West,440.71
2025-06-14 00:58:57,East,657.56
2025-06-14 00:59:07,West,924.31
2025-06-14 00:59:17,East,562.67
2025-06-14 00:59:27,North,194.74
2025-06-14 00:59:37,South,250.75
2025-06-14 00:59:47,North,831.31
2025-06-14 00:59:57,North,112.36
2025-06-14 01:00:07,South,613.91
2025-06-14 01:00:17,West,372.24
2025-06-14 01:00:27,West,643.38
2025-06-14 01:00:37,South,994.6
2025-06-14 01:00:47,East,951.58
2025-06-14 01:00:57,East,823.43
2025-06-14 01:01:07,West,619.06
2025-06-14 01:01:17,East,851.69
2025-06-14 01:01:27,South,636.81
2025-06-14 01:01:37,East,802.02
2025-06-14 01:01:47,West,627.44
2025-06-14 01:01:57,East,540.87
2025-06-14 01:02:07,West,200.2
2025-06-14 01:02:17,East,668.82
2025-06-14 01:02:27,East,855.42
2025-06-14 01:02:37,North,967.5
2025-06-14 01:02:47,East,350.6
2025-06-14 01:02:57,East,214.86
2025-06-14 01:03:07,North,608.19
2025-06-14 01:03:17,West,530.7
2025-06-14 01:03:27,South,972.13
2025-06-14 01:03:37,North,710.02
2025-06-14 01:03:47,South,419.13
2025-06-14 01:03:57,South,150.62
2025-06-14 01:04:07,South,907.33
2025-06-14 01:04:17,South,722.12
2025-06-14 01:04:27,South,440.27
2025-06-14 01:04:37,East,490.31
2025-06-14 01:04:47,West,712.69
2025-06-14 01:04:57,North,785.47
2025-06-14 01:05:07,North,851.16
2025-06-14 01:05:17,East,894.99
2025-06-14 01:05:27,North,660.74
2025-06-14 01:05:37,West,882.01
2025-06-14 01:05:47,North,628.03
2025-06-14 01:05:57,West,744.08
2025-06-14 01:06:07,South,738.18
2025-06-14 01:06:17,East,776.67
2025-06-14 01:06:27,North,531.77
2025-06-14 01:06:37,West,590.46
2025-06-14 01:06:47,East,310.5
2025-06-14 01:06:57,North,904.55
2025-06-14 01:07:07,South,530.39
2025-06-14 01:07:17,East,319.17
2025-06-14 01:07:27,North,660.45
2025-06-14 01:07:37,North,353.88
2025-06-14 01:07:47,South,272.7
2025-06-14 01:07:57,South,914.58
2025-06-14 01:08:07,East,177.11
2025-06-14 01:08:17,South,863.04
2025-06-14 01:08:27,East,910.8
2025-06-14 01:08:37,South,618.42
2025-06-14 01:08:47,South,663.7
2025-06-14 01:08:57,East,442.16
2025-06-14 01:09:07,North,664.87
2025-06-14 01:09:17,South,797.47
2025-06-14 01:09:27,North,622.77
2025-06-14 01:09:37,West,137.97
2025-06-14 01:09:47,West,644.81
2025-06-14 01:09:57,West,649.5
2025-06-14 01:10:07,East,499.0
2025-06-14 01:10:17,South,961.94
2025-06-14 01:10:27,South,962.87
2025-06-14 01:10:37,West,543.45
2025-06-14 01:10:47,West,662.64
2025-06-14 01:10:57,West,902.28
2025-06-14 01:11:07,West,798.6
2025-06-14 01:11:17,South,519.99
2025-06-14 01:11:27,North,368.4
2025-06-14 01:11:37,North,611.19
2025-06-14 01:11:47,South,602.32
2025-06-14 01:11:57,East,713.2
2025-06-14 01:12:07,South,193.01
2025-06-14 01:12:17,West,981.99
2025-06-14 01:12:27,East,449.39
2025-06-14 01:12:37,South,386.39
2025-06-14 01:12:47,North,471.03
2025-06-14 01:12:57,South,595.46
2025-06-14 01:13:07,North,605.73
2025-06-14 01:13:17,East,785.01
2025-06-14 01:13:27,South,234.35
2025-06-14 01:13:37,East,121.68
2025-06-14 01:13:47,South,504.14
2025-06-14 01:13:57,East,691.86
2025-06-14 01:14:07,North,710.36
2025-06-14 01:14:17,East,328.9
2025-06-14 01:14:27,North,435.51
2025-06-14 01:14:37,North,254.48
2025-06-14 01:14:47,West,955.78
2025-06-14 01:14:57,West,898.86
2025-06-14 01:15:07,South,522.48
2025-06-14 01:15:17,North,425.48
2025-06-14 01:15:27,West,796.64
2025-06-14 01:15:37,East,432.71
2025-06-14 01:15:47,South,131.22
2025-06-14 01:15:57,East,119.74
2025-06-14 01:16:07,East,109.29
2025-06-14 01:16:17,East,758.39
2025-06-14 01:16:27,North,534.31
2025-06-14 01:16:37,East,833.42
2025-06-14 01:16:47,West,471.46
2025-06-14 01:16:57,South,863.88
2025-06-14 01:17:07,West,670.72
2025-06-14 01:17:17,North,515.91
2025-06-14 01:17:27,East,799.84
2025-06-14 01:17:37,North,116.1
2025-06-14 01:17:47,West,304.0
2025-06-14 01:17:57,South,244.9
2025-06-14 01:18:07,North,422.1
2025-06-14 01:18:17,West,990.81
2025-06-14 01:18:27,West,235.83
2025-06-14 01:18:37,South,352.42
2025-06-14 01:18:47,North,786.45
2025-06-14 01:18:57,North,103.59
2025-06-14 01:19:08,North,702.29
2025-06-14 01:19:18,East,171.63
2025-06-14 01:19:28,South,159.94
2025-06-14 01:19:38,South,287.28
2025-06-14 01:19:48,South,386.2
2025-06-14 01:19:58,North,847.98
2025-06-14 01:20:08,North,318.46
2025-06-14 01:20:18,North,901.61
2025-06-14 01:20:28,West,596.33
2025-06-14 01:20:38,East,935.51
2025-06-14 01:20:48,South,759.55
2025-06-14 01:20:58,North,331.83
2025-06-14 01:21:08,North,902.15
2025-06-14 01:21:18,West,943.44
2025-06-14 01:21:28,South,269.56
2025-06-14 01:21:38,North,563.77
2025-06-14 01:21:48,West,744.23
2025-06-14 01:21:58,South,326.87
2025-06-14 01:22:08,North,516.87
2025-06-14 01:22:18,North,426.98
2025-06-14 01:22:28,East,811.91
2025-06-14 01:22:38,West,136.6
2025-06-14 01:22:48,West,455.8
2025-06-14 01:22:58,West,305.22
2025-06-14 01:23:08,West,147.61
2025-06-14 01:23:18,West,920.7
2025-06-14 01:23:28,South,715.3
2025-06-14 01:23:38,South,785.24
2025-06-14 01:23:48,West,663.37
2025-06-14 01:23:58,West,297.73
2025-06-14 01:24:08,East,593.03
2025-06-14 01:24:18,East,484.28
2025-06-14 01:24:28,South,665.32
2025-06-14 01:24:38,East,356.04
2025-06-14 01:24:48,West,867.17
2025-06-14 01:24:58,West,670.97
2025-06-14 01:25:08,North,291.79
2025-06-14 01:25:18,South,767.38
2025-06-14 01:25:28,South,817.82
2025-06-14 01:25:38,North,368.53
2025-06-14 01:25:48,East,171.43
2025-06-14 01:25:58,North,888.82
2025-06-14 01:26:08,East,254.29
2025-06-14 01:26:18,West,682.46
2025-06-14 01:26:28,North,341.69
2025-06-14 01:26:38,North,500.78
2025-06-14 01:26:48,West,531.57
2025-06-14 01:26:58,West,910.21
2025-06-14 01:27:08,West,547.34
2025-06-14 01:27:18,West,245.33
2025-06-14 01:27:28,South,372.94
2025-06-14 01:27:38,South,315.39
2025-06-14 01:27:48,East,916.31
2025-06-14 01:27:58,South,210.33
2025-06-14 01:28:08,West,618.69
2025-06-14 01:28:18,South,418.31
2025-06-14 01:28:28,East,339.4
2025-06-14 01:28:38,East,873.45
2025-06-14 01:28:48,South,605.93
2025-06-14 01:28:58,North,975.68
2025-06-14 01:29:08,North,596.41
2025-06-14 01:29:18,West,730.43
2025-06-14 01:29:28,West,486.76
2025-06-14 01:29:38,North,337.42
2025-06-14 01:29:48,West,607.24
2025-06-14 01:29:58,East,856.2
2025-06-14 01:30:08,West,291.89
2025-06-14 01:30:18,West,572.1
2025-06-14 01:30:28,North,445.62
2025-06-14 01:30:38,East,332.37
2025-06-14 01:30:48,North,903.46
2025-06-14 01:30:58,East,736.23
2025-06-14 01:31:08,North,809.24
2025-06-14 01:31:18,West,989.92
2025-06-14 01:31:28,East,168.12
2025-06-14 01:31:38,North,718.54
2025-06-14 01:31:48,South,155.3
2025-06-14 01:31:58,North,328.73
2025-06-14 01:32:08,North,355.15
2025-06-14 01:32:18,East,624.46
2025-06-14 01:32:28,South,113.39
2025-06-14 01:32:38,North,766.3
2025-06-14 01:32:48,South,262.29
2025-06-14 01:32:58,East,967.99
2025-06-14 01:33:08,South,140.58
2025-06-14 01:33:18,South,239.1
2025-06-14 01:33:28,West,786.41
2025-06-14 01:33:38,South,248.58
2025-06-14 01:33:48,East,176.98
2025-06-14 01:33:58,North,938.8
2025-06-14 01:34:08,North,559.58
2025-06-14 01:34:18,East,132.75
2025-06-14 01:34:28,East,222.59
2025-06-14 01:34:38,East,481.35
2025-06-14 01:34:48,East,216.96
2025-06-14 01:34:58,East,737.57
2025-06-14 01:35:08,West,123.93
2025-06-14 01:35:18,East,183.01
2025-06-14 01:35:28,North,174.23
2025-06-14 01:35:38,West,616.45
2025-06-14 01:35:48,East,734.18
2025-06-14 01:35:58,North,739.99
2025-06-14 01:36:08,West,848.49
2025-06-14 01:36:18,North,107.78
2025-06-14 01:36:28,North,343.97
2025-06-14 01:36:38,South,121.89
2025-06-14 01:36:48,West,800.26
2025-06-14 01:36:58,East,584.06
2025-06-14 01:37:08,North,799.36
2025-06-14 01:37:18,North,448.46
2025-06-14 01:37:28,South,596.36
2025-06-14 01:37:38,South,764.09
2025-06-14 01:37:48,East,904.49
2025-06-14 01:37:58,West,196.24
2025-06-14 01:38:08,South,565.47
2025-06-14 01:38:18,East,776.6
2025-06-14 01:38:28,South,870.38
2025-06-14 01:38:38,South,671.39
2025-06-14 01:38:48,South,558.03
2025-06-14 01:38:58,East,144.6
2025-06-14 01:39:08,North,787.7
2025-06-14 01:39:18,North,814.12
2025-06-14 01:39:28,South,776.96
2025-06-14 01:39:38,West,369.28
2025-06-14 01:39:48,South,181.78
2025-06-14 01:39:58,West,355.05
2025-06-14 01:40:08,North,449.07
2025-06-14 01:40:18,South,850.17
2025-06-14 01:40:28,North,852.15
2025-06-14 01:40:38,South,729.8
2025-06-14 01:40:48,East,268.13
2025-06-14 01:40:58,East,396.06
2025-06-14 01:41:08,South,716.35
2025-06-14 01:41:18,North,445.97
2025-06-14 01:41:28,North,241.72
2025-06-14 01:41:38,East,551.04
2025-06-14 01:41:48,East,871.74
2025-06-14 01:41:58,East,370.51
2025-06-14 01:42:08,North,688.34
2025-06-14 01:42:18,East,989.64
2025-06-14 01:42:28,North,820.19
2025-06-14 01:42:38,West,607.8
2025-06-14 01:42:48,West,893.34
2025-06-14 01:42:58,West,833.78
2025-06-14 01:43:08,North,299.18
2025-06-14 01:43:18,East,140.85
2025-06-14 01:43:28,South,695.61
2025-06-14 01:43:38,North,452.23
2025-06-14 01:43:48,North,194.31
2025-06-14 01:43:58,North,292.48
2025-06-14 01:44:08,South,155.53
2025-06-14 01:44:18,East,887.3
2025-06-14 01:44:28,West,614.01
2025-06-14 01:44:38,West,228.29
2025-06-14 01:44:48,South,244.58
2025-06-14 01:44:58,West,452.57
2025-06-14 01:45:08,West,909.38
2025-06-14 01:45:18,South,479.94
2025-06-14 01:45:28,East,547.6
2025-06-14 01:45:38,North,617.26
2025-06-14 01:45:48,North,147.53
2025-06-14 01:45:58,West,942.39
2025-06-14 01:46:08,South,820.07
2025-06-14 01:46:18,North,149.08
2025-06-14 01:46:28,South,998.24
2025-06-14 01:46:38,East,222.11
2025-06-14 01:46:48,East,370.47
2025-06-14 01:46:58,East,151.63
2025-06-14 01:47:08,East,804.91
2025-06-14 01:47:18,North,707.62
2025-06-14 01:47:28,East,993.23
2025-06-14 01:47:38,North,878.51
2025-06-14 01:47:48,North,755.3
2025-06-14 01:47:58,South,452.29
2025-06-14 01:48:08,North,738.13
2025-06-14 01:48:18,West,569.97
2025-06-14 01:48:28,South,130.87
2025-06-14 01:48:38,North,311.61
2025-06-14 01:48:48,North,669.6
2025-06-14 01:48:58,West,837.89
2025-06-14 01:49:08,North,291.11
2025-06-14 01:49:18,North,105.4
2025-06-14 01:49:28,South,281.46
2025-06-14 01:49:38,South,732.26
2025-06-14 01:49:48,West,230.46
2025-06-14 01:49:58,West,535.28
2025-06-14 01:50:08,East,100.79
2025-06-14 01:50:18,West,945.57
2025-06-14 01:50:28,East,998.78
2025-06-14 01:50:39,North,419.71
2025-06-14 01:57:36,North,429.57
2025-06-14 01:57:46,South,579.93
2025-06-14 01:57:56,West,851.38
2025-06-14 01:58:06,North,999.49
2025-06-14 01:58:16,North,567.51
2025-06-14 01:58:26,South,130.69
2025-06-14 01:58:36,North,563.66
2025-06-14 01:58:46,West,431.35
2025-06-14 01:58:56,North,706.55
2025-06-14 01:59:06,West,370.14
2025-06-14 01:59:16,East,852.32
2025-06-14 01:59:26,East,797.25
2025-06-14 01:59:36,West,506.01
2025-06-14 01:59:46,South,488.41
2025-06-14 01:59:56,East,235.78
2025-06-14 02:00:06,North,272.18
2025-06-14 02:00:16,West,763.68
2025-06-14 02:00:26,North,774.87
2025-06-14 02:00:36,East,409.04
2025-06-14 02:00:46,South,578.87
2025-06-14 02:00:56,East,184.46
2025-06-14 02:01:06,East,215.44
2025-06-14 02:01:16,West,398.66
2025-06-14 02:01:26,South,671.54
2025-06-14 02:01:36,East,606.57
2025-06-14 02:01:46,North,204.53
2025-06-14 02:01:56,North,191.36
2025-06-14 02:02:06,West,612.93
2025-06-14 02:02:16,South,950.04
2025-06-14 02:02:26,North,811.51
2025-06-14 02:02:36,South,441.57
2025-06-14 02:02:46,West,323.25
2025-06-14 02:02:56,East,297.69
2025-06-14 02:03:06,North,255.56
2025-06-14 02:03:16,East,374.03
2025-06-14 02:03:26,East,624.25
2025-06-14 02:03:36,North,698.05
2025-06-14 02:03:46,East,637.38
2025-06-14 02:03:56,South,788.81
2025-06-14 02:04:06,West,889.49
2025-06-14 02:04:16,South,826.64
2025-06-14 02:04:26,East,225.57
2025-06-14 02:04:36,South,642.13
2025-06-14 02:04:46,East,503.51
2025-06-14 02:04:56,North,898.48
2025-06-14 02:05:06,North,504.79
2025-06-14 02:05:16,East,276.73
2025-06-14 02:05:27,East,372.47
2025-06-14 02:05:37,East,995.33
2025-06-14 02:05:47,West,713.84
2025-06-14 02:05:57,East,365.76
2025-06-14 02:06:07,East,339.19
2025-06-14 02:06:17,West,614.02
2025-06-14 02:06:27,West,109.92
2025-06-14 02:06:37,West,183.74
2025-06-14 02:06:47,East,665.55
2025-06-14 02:06:57,North,274.35
2025-06-14 06:57:45,West,471.6
2025-06-14 06:57:55,South,990.75
2025-06-14 06:58:05,West,621.8
2025-06-14 06:58:15,West,977.93
2025-06-14 06:58:25,South,311.84
2025-06-14 06:58:35,South,968.72
2025-06-14 06:58:45,North,544.55
2025-06-14 06:58:55,East,552.62
2025-06-14 06:59:05,North,216.85
2025-06-14 06:59:15,East,257.29
2025-06-14 06:59:25,West,962.24
2025-06-14 06:59:35,North,529.91
2025-06-14 06:59:45,West,265.03
2025-06-14 06:59:55,East,198.59
2025-06-14 07:00:05,North,821.89
2025-06-14 07:00:15,West,779.26
2025-06-14 07:00:25,North,297.47
2025-06-14 07:00:35,West,540.72
2025-06-14 07:00:45,North,799.95
2025-06-14 07:00:55,South,142.73
2025-06-14 08:25:38,North,798.39
2025-06-14 08:25:48,East,887.19
2025-06-14 08:25:58,North,541.18
2025-06-14 10:15:37,South,326.44
2025-06-14 10:15:47,North,478.04
2025-06-14 10:15:57,East,940.46
2025-06-14 10:16:07,North,335.96
2025-06-14 10:16:17,East,483.17
2025-06-14 10:16:27,West,119.41
2025-06-14 10:16:37,East,170.94
2025-06-14 10:16:47,West,922.62
2025-06-14 10:16:57,North,965.81
2025-06-14 10:17:07,East,390.28
2025-06-14 10:17:17,South,579.48
2025-06-14 10:17:27,East,152.22
2025-06-14 10:17:37,South,920.88
2025-06-14 10:17:47,East,862.72
2025-06-14 10:17:57,South,879.69
2025-06-14 10:18:07,West,517.96
2025-06-14 10:18:17,North,502.2
2025-06-14 10:18:27,West,319.2
2025-06-14 10:18:37,East,737.12
2025-06-14 10:18:47,West,821.11
2025-06-14 10:18:57,North,767.65
2025-06-14 10:19:07,North,253.61
2025-06-14 10:19:17,North,591.53
2025-06-14 10:19:27,South,492.0
2025-06-14 10:19:37,North,587.35
2025-06-14 10:19:47,West,799.12
2025-06-14 10:19:57,East,655.04
2025-06-14 10:20:07,West,951.71
2025-06-14 10:20:17,West,958.23
2025-06-14 10:20:27,West,812.01
2025-06-14 10:20:37,West,848.08
2025-06-14 10:20:47,South,891.82
2025-06-14 10:20:57,North,210.72
2025-06-14 10:21:07,West,305.69
2025-06-14 10:21:17,West,671.23
2025-06-14 10:21:27,South,816.29
2025-06-14 10:21:37,South,402.43
2025-06-14 10:21:47,South,910.22
2025-06-14 10:21:57,East,286.21
2025-06-14 10:22:07,West,504.23
2025-06-14 10:22:17,North,947.12
2025-06-14 10:22:27,West,755.12
2025-06-14 10:22:37,North,918.07
2025-06-14 10:22:47,South,964.63
2025-06-14 10:22:57,South,818.48
2025-06-14 10:23:07,South,475.08
2025-06-14 10:23:17,South,513.1
2025-06-14 10:23:27,South,406.99
2025-06-14 10:23:37,South,947.51
2025-06-14 10:23:47,North,395.59
2025-06-14 10:23:57,South,706.64
2025-06-14 10:24:07,West,423.44
2025-06-14 10:24:17,East,674.96
2025-06-14 10:24:27,West,397.72
2025-06-14 10:24:37,North,779.58
2025-06-14 10:24:47,South,261.34
2025-06-14 10:24:57,South,631.93
2025-06-14 10:25:07,North,135.7
2025-06-14 10:25:17,South,890.93
2025-06-14 10:25:27,South,754.49
2025-06-14 10:25:37,North,106.28
2025-06-14 10:25:47,South,113.95
2025-06-14 10:25:57,East,476.23
2025-06-14 10:26:07,West,220.71
2025-06-14 10:26:17,East,461.62
2025-06-14 10:26:27,West,805.25
2025-06-14 10:26:37,East,249.31
2025-06-14 10:26:47,East,536.72
2025-06-14 10:26:57,East,984.34
2025-06-14 10:27:07,South,155.16
2025-06-14 10:27:17,West,610.62
2025-06-14 10:27:27,West,640.39
2025-06-14 10:27:37,West,877.42
2025-06-14 10:27:47,South,290.53
2025-06-14 10:27:57,West,935.3
2025-06-14 10:28:07,North,968.15
2025-06-14 10:28:17,North,658.76
2025-06-14 10:28:27,South,833.61
2025-06-14 10:28:37,North,148.6
2025-06-14 10:28:47,North,841.52
2025-06-14 10:28:57,North,750.5
2025-06-14 10:29:07,West,533.47
2025-06-14 10:29:17,North,975.35
2025-06-14 10:29:27,North,186.68
2025-06-14 10:29:37,West,126.87
2025-06-14 10:29:47,West,416.74
2025-06-14 10:29:57,West,476.97
2025-06-14 10:30:07,North,109.28
2025-06-14 10:30:17,East,400.91
2025-06-14 10:30:27,East,890.84
2025-06-14 10:30:37,North,990.61
2025-06-14 10:30:47,West,119.15
2025-06-14 10:30:57,South,301.92
2025-06-14 10:31:07,West,571.43
2025-06-14 10:31:17,North,327.45
2025-06-14 10:31:27,South,211.85
2025-06-14 10:31:37,South,502.07
2025-06-14 10:31:47,West,808.82
2025-06-14 10:31:57,East,232.13
2025-06-14 10:32:07,North,325.95
2025-06-14 10:32:17,West,661.53
2025-06-14 10:32:27,East,265.41
2025-06-14 10:32:37,South,997.24
2025-06-14 10:32:47,North,441.35
2025-06-14 10:32:57,North,466.58
2025-06-14 10:33:07,East,473.2
2025-06-14 10:33:17,South,544.12
2025-06-14 10:33:27,West,143.74
2025-06-14 10:33:37,North,371.75
2025-06-14 10:33:47,West,894.91
2025-06-14 10:33:57,South,669.33
2025-06-14 10:34:07,North,124.94
2025-06-14 10:34:17,East,937.08
2025-06-14 10:34:27,East,285.99
2025-06-14 10:34:37,East,338.68
2025-06-14 10:34:47,West,799.02
2025-06-14 10:34:57,West,756.52
2025-06-14 10:35:07,East,907.05
2025-06-14 10:35:17,South,211.46
2025-06-14 10:35:27,North,110.03
2025-06-14 10:35:37,East,976.11
2025-06-14 10:35:47,South,930.08
2025-06-14 10:35:57,West,215.97
2025-06-14 10:36:08,South,718.5
2025-06-14 10:36:18,East,281.47
2025-06-14 10:36:28,West,782.53
2025-06-14 10:36:38,East,822.91
2025-06-14 10:36:48,West,549.17
2025-06-14 10:36:58,South,369.35
2025-06-14 10:37:08,South,586.83
2025-06-14 10:37:18,North,455.49
2025-06-14 10:37:28,South,525.61
2025-06-14 10:37:38,South,621.59
2025-06-14 10:37:48,South,247.46
2025-06-14 10:37:58,East,290.24
2025-06-14 10:38:08,West,744.07
2025-06-14 10:38:18,North,850.4
2025-06-14 10:38:28,East,500.11
2025-06-14 10:38:38,South,106.55
2025-06-14 10:38:48,South,750.12
2025-06-14 10:38:58,East,535.05
2025-06-14 10:39:08,West,639.98
2025-06-14 10:39:18,East,220.28
2025-06-14 10:39:28,West,623.24
2025-06-14 10:39:38,East,291.12
2025-06-14 10:39:48,East,721.41
2025-06-14 10:39:58,East,510.86
2025-06-14 10:40:08,East,399.67
2025-06-14 10:40:18,East,555.5
2025-06-14 10:40:28,South,443.84
2025-06-14 10:40:38,East,130.31
2025-06-14 10:40:48,West,989.86
2025-06-14 10:40:58,South,456.59
2025-06-14 10:41:08,East,453.11
2025-06-14 10:41:18,West,743.3
2025-06-14 10:41:28,East,533.65
2025-06-14 10:41:38,West,577.68
2025-06-14 10:41:48,West,387.17
2025-06-14 10:41:58,West,471.69
2025-06-14 10:42:08,North,488.24
2025-06-14 10:42:18,East,407.32
2025-06-14 10:42:28,South,294.68
2025-06-14 10:42:38,South,646.26
2025-06-14 10:42:48,West,830.54
2025-06-14 10:42:58,East,853.42
2025-06-14 10:43:08,West,565.74
2025-06-14 10:43:18,East,598.52
2025-06-14 10:43:28,West,103.62
2025-06-14 10:43:38,North,491.0
2025-06-14 10:43:48,South,668.9
2025-06-14 10:43:58,East,420.27
2025-06-14 10:44:08,East,390.47
2025-06-14 10:44:18,West,504.69
2025-06-14 10:44:28,East,731.76
2025-06-14 10:44:38,North,511.13
2025-06-14 10:44:48,East,353.12
2025-06-14 10:44:58,East,103.76
2025-06-14 10:45:08,South,131.67
2025-06-14 10:45:18,South,581.94
2025-06-14 10:45:28,North,176.85
2025-06-14 10:45:38,North,936.98
2025-06-14 10:45:48,North,394.58
2025-06-14 10:45:58,North,260.28
2025-06-14 10:46:08,West,241.76
2025-06-14 10:46:18,North,706.59
2025-06-14 10:46:28,East,341.9
2025-06-14 10:46:38,South,972.11
2025-06-14 10:46:48,South,835.15
2025-06-14 10:46:58,South,895.26
2025-06-14 10:47:08,West,111.34
2025-06-14 10:47:18,West,201.27
2025-06-14 10:47:28,West,899.84
2025-06-14 10:47:38,East,827.97
2025-06-14 10:47:48,East,880.02
2025-06-14 10:47:58,South,850.01
2025-06-14 10:48:08,South,589.74
2025-06-14 10:48:18,East,487.07
2025-06-14 10:48:28,West,763.14
2025-06-14 10:48:38,West,729.18
2025-06-14 10:48:48,North,404.49
2025-06-14 10:48:58,South,399.67
2025-06-14 10:49:08,East,914.89
2025-06-14 10:49:18,South,941.08
2025-06-14 10:49:28,North,475.87
2025-06-14 10:49:38,North,612.52
2025-06-14 10:49:48,East,768.69
2025-06-14 10:49:58,East,648.55
2025-06-14 10:50:08,West,549.99
2025-06-14 10:50:18,North,922.42
2025-06-14 10:50:28,East,257.81
2025-06-14 10:50:38,West,901.21
2025-06-14 10:50:48,West,286.01
2025-06-14 10:50:58,West,652.98
2025-06-14 10:51:08,South,878.39
2025-06-14 10:51:18,West,930.51
2025-06-14 10:51:28,West,564.11
2025-06-14 10:51:38,West,444.51
2025-06-14 10:51:48,East,656.84
2025-06-14 10:51:58,South,463.13
2025-06-14 10:52:08,West,991.76
2025-06-14 10:52:18,West,933.95
2025-06-14 10:52:28,West,824.94
2025-06-14 10:52:38,North,471.28
2025-06-14 10:52:48,West,486.04
2025-06-14 10:52:58,East,514.02
2025-06-14 10:53:08,West,382.5
2025-06-14 10:53:18,South,120.18
2025-06-14 10:53:28,East,695.83
2025-06-14 10:53:38,East,740.84
2025-06-14 10:53:48,West,350.03
2025-06-14 10:53:58,North,335.3
2025-06-14 10:54:08,South,627.37
2025-06-14 10:54:18,East,721.37
2025-06-14 10:54:28,South,347.14
2025-06-14 10:54:38,South,423.12
2025-06-14 10:54:48,North,178.72
2025-06-14 10:54:58,North,499.5
2025-06-14 10:55:08,North,245.7
2025-06-14 10:55:18,East,332.98
2025-06-14 10:55:28,East,307.5
2025-06-14 10:55:38,East,141.22
2025-06-14 10:55:48,West,605.83
2025-06-14 10:55:58,South,838.03
2025-06-14 10:56:08,East,629.22
2025-06-14 10:56:18,North,647.34
2025-06-14 10:56:28,East,948.73
2025-06-14 10:56:38,West,952.99
2025-06-14 10:56:48,East,306.5
2025-06-14 10:56:58,North,737.29
2025-06-14 10:57:08,West,925.45
2025-06-14 10:57:18,East,958.75
2025-06-14 10:57:28,West,712.86
2025-06-14 10:57:38,East,136.56
2025-06-14 10:57:48,West,655.93
2025-06-14 10:57:58,North,833.1
2025-06-14 10:58:08,South,327.86
2025-06-14 10:58:18,East,911.31
2025-06-14 10:58:28,North,522.21
2025-06-14 10:58:38,East,606.22
2025-06-14 10:58:48,North,755.49
2025-06-14 10:58:58,North,139.88
2025-06-14 10:59:09,North,771.41
2025-06-14 10:59:19,South,362.89
2025-06-14 10:59:29,North,627.38
2025-06-14 10:59:39,North,382.62
2025-06-14 10:59:49,South,332.42
2025-06-14 10:59:59,West,525.47
2025-06-14 11:00:09,North,406.61
2025-06-14 11:00:19,East,648.31
2025-06-14 11:00:29,South,605.27
2025-06-14 11:00:39,North,459.77
2025-06-14 11:00:49,South,329.7
2025-06-14 11:00:59,East,831.07
2025-06-14 11:01:09,West,403.34
2025-06-14 11:01:19,South,808.17
2025-06-14 11:01:29,South,858.24
2025-06-14 11:01:39,East,520.95
2025-06-14 11:01:49,West,156.3
2025-06-14 11:01:59,West,315.48
2025-06-14 11:02:09,West,208.91
2025-06-14 11:02:19,East,595.43
2025-06-14 11:02:29,South,341.53
2025-06-14 11:02:39,West,172.27
2025-06-14 11:02:49,North,458.02
2025-06-14 11:02:59,North,817.13
2025-06-14 11:03:09,North,392.06
2025-06-14 11:03:19,South,395.79
2025-06-14 11:03:29,East,303.06
2025-06-14 11:03:39,East,632.91
2025-06-14 11:03:49,North,488.24
2025-06-14 11:03:59,South,821.25
2025-06-14 11:04:09,North,412.12
2025-06-14 11:04:19,South,858.18
2025-06-14 11:04:29,East,525.77
2025-06-14 11:04:39,East,967.77
2025-06-14 11:04:49,North,146.85
2025-06-14 11:04:59,West,324.47
2025-06-14 11:05:09,North,679.9
2025-06-14 11:05:19,South,926.33
2025-06-14 11:05:29,South,945.19
2025-06-14 11:05:39,East,287.95
2025-06-14 11:05:49,East,264.73
2025-06-14 11:05:59,East,199.42
2025-06-14 11:06:09,East,573.17
2025-06-14 11:06:19,North,192.62
2025-06-14 11:06:29,West,812.02
2025-06-14 11:06:39,North,397.99
2025-06-14 11:06:49,West,490.94
2025-06-14 11:06:59,West,966.56
2025-06-14 11:07:09,North,389.42
2025-06-14 11:07:19,North,177.0
2025-06-14 11:07:29,North,583.14
2025-06-14 11:07:39,East,292.21
2025-06-14 11:07:49,East,562.46
2025-06-14 11:07:59,East,885.5
2025-06-14 11:08:09,East,889.93
2025-06-14 11:08:19,South,925.79
2025-06-14 11:08:29,South,527.74
2025-06-14 11:08:39,South,795.44
2025-06-14 11:08:49,North,702.19
2025-06-14 11:08:59,South,843.92
2025-06-14 11:09:09,North,934.41
2025-06-14 11:09:19,South,498.89
2025-06-14 11:09:29,East,285.32
2025-06-14 11:09:39,North,646.47
2025-06-14 11:09:49,East,170.12
2025-06-14 11:09:59,West,956.48
2025-06-14 11:10:09,West,266.55
2025-06-14 11:10:19,East,342.68
2025-06-14 11:10:29,North,750.8
2025-06-14 11:10:39,East,534.75
2025-06-14 11:10:49,East,736.54
2025-06-14 11:10:59,North,579.47
2025-06-14 11:11:09,East,886.47
2025-06-14 11:11:19,East,629.85
2025-06-14 11:11:29,East,211.53
2025-06-14 11:11:39,West,899.9
2025-06-14 11:11:49,West,814.49
2025-06-14 11:11:59,East,918.32
2025-06-14 11:12:09,North,630.47
2025-06-14 11:12:19,North,687.37
2025-06-14 11:12:29,West,123.14
2025-06-14 11:12:39,East,720.1
2025-06-14 11:12:49,East,321.93
2025-06-14 11:12:59,South,145.95
2025-06-14 11:13:09,East,138.72
2025-06-14 11:13:19,East,526.33
2025-06-14 11:13:29,West,562.82
2025-06-14 11:13:39,East,628.11
2025-06-14 11:13:49,North,585.99
2025-06-14 11:13:59,East,727.27
2025-06-14 11:14:09,East,618.87
2025-06-14 11:14:19,West,398.69
2025-06-14 11:14:29,South,868.26
2025-06-14 11:14:39,East,943.27
2025-06-14 11:14:49,East,289.3
2025-06-14 11:14:59,West,645.61
2025-06-14 11:15:09,East,293.15
2025-06-14 11:15:19,West,792.68
2025-06-14 11:15:29,East,900.25
2025-06-14 11:15:39,South,706.92
2025-06-14 11:15:49,North,553.12
2025-06-14 11:15:59,North,291.47
2025-06-14 11:16:09,South,811.48
2025-06-14 11:16:19,East,866.38
2025-06-14 11:16:29,West,469.48
2025-06-14 11:16:39,North,881.79
2025-06-14 11:16:49,North,214.82
2025-06-14 11:16:59,South,412.9
2025-06-14 11:17:09,East,860.55
2025-06-14 11:17:19,North,942.98
2025-06-14 11:17:29,West,965.52
2025-06-14 11:17:39,East,684.48
2025-06-14 11:17:49,East,688.64
2025-06-14 11:17:59,South,546.32
2025-06-14 11:18:09,East,419.88
2025-06-14 11:18:19,South,354.82
2025-06-14 11:18:29,West,989.67
2025-06-14 11:18:39,North,661.23
2025-06-14 11:18:49,North,942.09
2025-06-14 11:18:59,South,223.04
2025-06-14 11:19:09,South,650.27
2025-06-14 11:19:19,South,896.55
2025-06-14 11:19:29,South,332.33
2025-06-14 11:19:39,North,206.08
2025-06-14 11:19:49,East,568.52
2025-06-14 11:19:59,South,869.56
2025-06-14 11:20:09,North,828.96
2025-06-14 11:20:19,East,347.46
2025-06-14 11:20:29,West,880.46
2025-06-14 11:20:39,North,367.04
2025-06-14 11:20:49,North,898.11
2025-06-14 11:20:59,South,708.16
2025-06-14 11:21:09,West,722.27
2025-06-14 11:21:19,South,911.99
2025-06-14 11:21:29,South,274.48
2025-06-14 11:21:39,East,743.69
2025-06-14 11:21:49,North,433.26
2025-06-14 11:21:59,East,914.64
2025-06-14 11:22:09,East,942.77
2025-06-14 11:22:19,South,928.28
2025-06-14 11:22:29,North,791.21
2025-06-14 11:22:39,North,190.27
2025-06-14 11:22:49,South,484.22
2025-06-14 11:22:59,South,621.04
2025-06-14 11:23:09,South,235.14
2025-06-14 11:23:19,North,740.97
2025-06-14 11:23:29,East,211.18
2025-06-14 11:23:39,West,561.67
2025-06-14 11:23:49,East,611.09
2025-06-14 11:23:59,North,708.58
2025-06-14 11:24:09,East,562.49
2025-06-14 11:24:19,North,631.7
2025-06-14 11:24:29,East,508.6
2025-06-14 11:24:39,South,949.31
2025-06-14 11:24:49,South,439.84
2025-06-14 11:24:59,East,906.4
2025-06-14 11:25:09,East,621.21
2025-06-14 11:25:19,South,673.39
2025-06-14 11:25:29,South,375.01
2025-06-14 11:25:39,East,479.75
2025-06-14 11:25:49,North,595.21
2025-06-14 11:25:59,West,545.6
2025-06-14 11:26:09,West,262.87
2025-06-14 11:26:19,South,214.33
2025-06-14 11:26:29,South,200.83
2025-06-14 11:26:39,North,921.03
2025-06-14 11:26:49,South,261.1
2025-06-14 11:26:59,West,496.29
2025-06-14 11:27:09,East,812.1
2025-06-14 11:27:19,East,350.97
2025-06-14 11:27:29,South,207.66
2025-06-14 11:27:39,South,339.56
2025-06-14 11:27:49,South,664.73
2025-06-14 11:27:59,West,551.69
2025-06-14 11:28:09,South,845.43
2025-06-14 11:28:19,East,739.21
2025-06-14 11:28:29,South,770.38
2025-06-14 11:28:39,East,248.04
2025-06-14 11:28:49,North,446.19
2025-06-14 11:28:59,East,237.0
2025-06-14 11:29:09,West,391.76
2025-06-14 11:29:19,North,248.42
2025-06-14 11:29:29,South,275.79
2025-06-14 11:29:39,South,299.04
2025-06-14 11:29:49,West,518.85
2025-06-14 11:29:59,South,159.4
2025-06-14 11:30:09,South,365.88
2025-06-14 11:30:19,North,706.8
2025-06-14 11:30:29,West,837.58
2025-06-14 11:30:39,West,164.7
2025-06-14 11:30:49,North,116.17
2025-06-14 11:30:59,West,969.95
2025-06-14 11:31:09,West,955.33
2025-06-14 11:31:19,South,464.23
2025-06-14 11:31:29,South,673.33
2025-06-14 11:31:39,South,777.07
2025-06-14 11:31:49,East,534.24
2025-06-14 11:31:59,West,635.28
2025-06-14 11:32:09,East,200.14
2025-06-14 11:32:19,West,269.35
2025-06-14 11:32:29,East,789.97
2025-06-14 11:32:39,South,484.72
2025-06-14 11:32:49,North,342.58
2025-06-14 11:32:59,North,260.19
2025-06-14 11:33:09,West,220.97
2025-06-14 11:33:20,South,397.19
2025-06-14 11:33:30,North,420.12
2025-06-14 11:33:40,West,527.2
2025-06-14 11:33:50,East,563.17
2025-06-14 11:34:00,South,847.3
2025-06-14 11:34:10,South,560.03
2025-06-14 11:34:20,South,683.1
2025-06-14 11:34:30,West,165.09
2025-06-14 11:34:40,South,609.07
2025-06-14 11:34:50,East,115.42
2025-06-14 11:35:00,East,954.81
2025-06-14 11:35:10,North,365.18
2025-06-14 11:35:20,South,905.48
2025-06-14 11:35:30,North,994.41
2025-06-14 11:35:40,East,424.83
2025-06-14 11:35:50,South,832.27
2025-06-14 11:36:00,East,812.85
2025-06-14 11:36:10,South,370.2
2025-06-14 11:36:20,North,492.29
2025-06-14 11:36:30,South,137.52
2025-06-14 11:36:40,West,259.48
2025-06-14 11:36:50,South,938.48
2025-06-14 11:37:00,South,855.35
2025-06-14 11:37:10,South,318.08
2025-06-14 11:37:20,East,579.88
2025-06-14 11:37:30,North,362.26
2025-06-14 11:37:40,North,342.9
2025-06-14 11:37:50,West,986.45
2025-06-14 11:38:00,South,609.79
2025-06-14 11:38:10,West,176.47
2025-06-14 11:38:20,North,906.06
2025-06-14 11:38:30,West,518.05
2025-06-14 11:38:40,South,974.39
2025-06-14 11:38:50,North,729.79
2025-06-14 11:39:00,South,773.64
2025-06-14 11:39:10,North,459.7
2025-06-14 11:39:20,South,576.86
2025-06-14 11:39:30,South,587.8
2025-06-14 11:39:40,North,498.4
2025-06-14 11:39:50,East,633.48
2025-06-14 11:40:00,South,976.84
2025-06-14 11:40:10,East,324.19
2025-06-14 11:40:20,West,811.06
2025-06-14 11:40:30,North,183.37
2025-06-14 11:40:40,West,969.13
2025-06-14 11:40:50,West,752.3
2025-06-14 11:41:00,South,846.06
2025-06-14 11:41:10,North,524.93
2025-06-14 11:41:20,East,641.36
2025-06-14 11:41:30,South,646.49
2025-06-14 11:41:40,East,113.92
2025-06-14 11:41:50,South,275.62
2025-06-14 11:42:00,West,365.31
2025-06-14 11:42:10,South,915.82
2025-06-14 11:42:20,North,549.02
2025-06-14 11:42:30,East,325.21
2025-06-14 11:42:40,South,587.01
2025-06-14 11:42:50,West,340.36
2025-06-14 11:43:00,South,574.41
2025-06-14 11:43:10,West,146.91
2025-06-14 11:43:20,East,291.71
2025-06-14 11:43:30,East,843.06
2025-06-14 11:43:41,East,377.81
2025-06-14 11:43:51,South,942.4
2025-06-14 11:44:02,North,477.35
2025-06-14 11:44:12,East,394.89
2025-06-14 11:44:22,West,403.26
2025-06-14 11:44:32,West,841.96
2025-06-14 11:44:42,West,320.19
2025-06-14 11:44:52,North,802.46
2025-06-14 11:45:02,West,661.06
2025-06-14 11:45:12,West,288.71
2025-06-14 11:45:22,West,330.37
2025-06-14 11:45:32,East,529.74
2025-06-14 11:45:42,North,515.48
